Arrival time,private,public,workplace
00:00,0.8226168306523748,0.5685843521226543,0.3621837549933422
00:15,0.634925289968767,0.5213537030645425,0.34753661784287615
00:30,0.6109750673294524,0.5219592242063132,0.35153129161118507
00:45,0.5327702587112826,0.460801588887476,0.3608521970705726
01:00,0.48486981343265345,0.4377917855001907,0.35019973368841545
01:15,0.44625618917743204,0.3845059250243722,0.322237017310253
01:30,0.4051986646528928,0.40267155927749215,0.3062583222370173
01:45,0.3524104188356282,0.4293144895154014,0.31158455392809586
02:00,0.31624069484972456,0.2912556691916898,0.27163781624500666
02:15,0.287891451725638,0.24947471040951394,0.2756324900133156
02:30,0.25660952827837,0.21253792076150338,0.21038615179760323
02:45,0.21310810348451303,0.20103301906786078,0.23568575233022634
03:00,0.1837813002526993,0.20284958249317275,0.20372836218375498
03:15,0.14027987545884227,0.2107213573361914,0.21837549933422107
03:30,0.15005547653611354,0.15682997571860222,0.19440745672436752
03:45,0.10997551211930144,0.1453250740249596,0.21970705725699066
04:00,0.10704283179612005,0.1453250740249596,0.24500665778961384
04:15,0.10313259136521157,0.16712383512870352,0.2623169107856192
04:30,0.11339697249634637,0.19255572308307145,0.24101198402130494
04:45,0.1358808549740702,0.19134468079953013,0.3781624500665779
05:00,0.14321255578202363,0.2040606247767141,0.33155792276964047
05:15,0.14272377572816008,0.27127347151325787,0.2263648468708389
05:30,0.15347693691315845,0.3045771343106444,0.27296937416777634
05:45,0.17547203933701874,0.32758693769792974,0.3715046604527297
06:00,0.25416562800905224,0.3851114461661429,0.5099866844207723
06:15,0.30059973312609056,0.4050936438445748,0.4527296937416778
06:30,0.30206607328768126,0.4583795043203933,0.5193075898801598
06:45,0.3553430991588095,0.4995549419607986,0.5872170439414115
07:00,0.4350142479385701,0.567373309839113,0.5952063914780292
07:15,0.4824259131633356,0.6545683542540888,0.7456724367509987
07:30,0.5313039185496918,0.6224757337402435,0.8508655126498004
07:45,0.536680499142191,0.6691008616565847,0.8601864181091878
08:00,0.5938677654442277,0.916153487499016,1.0758988015978694
08:15,0.6559428322849001,0.8834553458434001,1.0173102529960054
08:30,0.7150852188023911,0.9688338268330638,1.1065246338215713
08:45,0.8441231530223714,1.0560288712480397,1.1837549933422105
09:00,0.7424569018187506,0.9573289251394214,1.25965379494008
09:15,0.7189954592332997,0.9173645297825574,1.2383488681757657
09:30,0.7561427433269303,0.9076761915142266,1.3834886817576564
09:45,0.7967114877976059,0.8804277401345468,1.2862849533954728
10:00,0.7512549427882947,1.0645061672328289,1.4207723035952065
10:15,0.6872247557321681,1.0905435763289677,1.4820239680426097
10:30,0.6872247557321681,1.1432239156630153,1.5725699067909455
10:45,0.7277935002028437,1.1123423374327115,1.637816245006658
11:00,0.7317037406337522,1.1426183945212447,1.6830892143808258
11:15,0.7488110425189769,1.22920791779445,1.7097203728362185
11:30,0.801110508282378,1.2025649875565405,1.6165113182423436
11:45,0.8387465724298724,1.3890654992219054,1.8868175765645805
12:00,0.9017991993782717,1.4284243734369986,1.8894806924101197
12:15,0.9795152279425781,1.458094909383761,1.8109187749667113
12:30,0.9839142484273502,1.3763495552447214,1.7350199733688416
12:45,0.9648518263266712,1.3902765415054468,1.5912117177097205
13:00,0.9702284069191704,1.3672667381181614,1.7896138482023969
13:15,0.9648518263266712,1.3139808776423427,1.756324900133156
13:30,0.9325923427716761,1.3285133850448387,1.6657789613848202
13:45,0.9824479082657595,1.3472845404397293,1.7177097203728362
14:00,0.9501884247107644,1.3285133850448387,1.7616511318242343
14:15,0.9492108646030373,1.2843103416955803,1.729693741677763
14:30,1.0440341950525682,1.3273023427612975,1.7363515312916113
14:45,1.0107971513898462,1.3533397518574362,1.8175765645805593
15:00,1.0909570802234703,1.4459844865483478,1.9320905459387483
15:15,1.1388575255020994,1.4932151356064598,2.0719041278295607
15:30,1.271805700152988,1.4889764876140652,2.066577896138482
15:45,1.1999550322350445,1.5446844326569662,2.034620505992011
16:00,1.2561647384293542,1.5701163206113342,2.1051930758988013
16:15,1.2918456823613942,1.628246350221318,1.944074567243675
16:30,1.3793373120029717,1.7717548608209657,1.9161118508655126
16:45,1.5034874456843166,1.8226186367297015,1.8428761651131824
17:00,1.652565362112703,1.8807486663396853,1.7496671105193076
17:15,1.7029097076606499,1.8637940743701065,1.7496671105193076
17:30,1.7889349971406368,1.8553167783853173,1.5685752330226364
17:45,1.921394391737662,1.7614610014108645,1.3981358189081226
18:00,1.976137757770381,1.8698492857878133,1.4327563249001332
18:15,2.0724274283815025,1.8674272012207307,1.3635153129161117
18:30,2.2689170100346545,1.8989143005928053,1.311584553928096
18:45,2.504997776050755,2.087836896825253,1.1211717709720372
19:00,2.591023065530742,1.9540167244939357,1.2822902796271638
19:15,2.623282549085737,1.932217963390192,1.18508655126498
19:30,2.4942446148657567,1.7965812276335629,1.2197070572569908
19:45,2.356408639676232,1.7517726631425337,1.141145139813582
20:00,2.4316807679712205,1.6766880415629712,1.1078561917443408
20:15,2.3124184348285115,1.5707218417531046,1.0545938748335553
20:30,2.1037093518287704,1.386037893513052,1.0838881491344872
20:45,1.9991104203019683,1.3836158089459694,1.033288948069241
21:00,1.9854245787937885,1.3418348501637933,0.8495339547270306
21:15,1.9042870898524373,1.2752275245690203,0.8615179760319573
21:30,1.9150402510374358,1.2219416640932017,0.7123834886817577
21:45,1.865673465597216,1.1468570425136393,0.696404793608522
22:00,1.9433894941615224,1.178344141885714,0.7523302263648468
22:15,1.9130851308219814,1.1577564230655113,0.6657789613848202
22:30,1.7796481761172291,1.1504901693642635,0.6165113182423435
22:45,1.7728052553631393,1.3872489357965934,0.6165113182423435
23:00,2.7132180789966323,1.8165634253119949,0.5499334221038615
23:15,1.5680064127943067,0.9754945593925411,0.5059920106524634
23:30,1.1041541416777865,0.7720394557575978,0.4647137150466045
23:45,0.9511659848184915,0.6460910582692995,0.4380825565912117
